BWem2vsmUng,阿悠悠 - 旧梦一场 (DJ版) Một Giấc Mộng Xưa - A Du Du (Remix Tiktok) || China Mix New Song 2020 || Douyin
y9MyGeDJbIc,【抖音DJ版】阿悠悠 - 舊夢一場【動態歌詞】「早知驚鴻一場 何必情深一往」♪
kiWgLBOZTAI,Một Giấc Mộng Xưa Remix - A Du Du - 阿悠悠 - 旧梦一场 (DJ版) | Bài Hát Được Yêu Thích Trên Tik Tok
HSa58-QddWs,【抖音版】阿悠悠《一曲相思》（原唱：半陽）Một khúc tương tư 動態歌詞『濁酒一杯，餘生不悲不喜』Lyrics
xqJe9a5lODg,一曲相思--阿悠悠-完整版
gFOF-268Lmc,[Vietsub] Một giấc mộng xưa (remix) - A Du Du | 旧梦一场 (DJ版) - 阿悠悠
zFsBrinmMAo,Một Giấc Mộng Xưa Remix - A Du Du - 阿悠悠 - 旧梦一场 (DJ版) | Lời Việt | Thái Quỳnh Cover | Hot tiktok 2020
zobYsnmqxvA,阿悠悠 - 舊夢一場【動態歌詞】「早知驚鴻一場 何必情深一往」♪
i7k4eGRD60g,阿悠悠 - 念舊【動態歌詞Lyrics】『我站在山的盡頭，看著雲朵飛走。』
Iz02QowXvbw,[Vietsub] Một Giấc Mộng Xưa - A Du Du  | 旧梦一场 - 阿悠悠
tW_J9wsgBVk,旧梦一场 - Một Giấc Mộng Xưa || 阿悠悠 - A Du Du (Tổng Hợp Các Bản Cover Hay) #P2
gPDBIpG5iDs,旧梦一场 (Dj沈念)
tyTv3eQjRXA,Một Giấc Mộng Xưa Remix - A Du Du (DJ版) | 阿悠悠 - 旧梦一场 | Nhạc Hot Tik Tok 「Vietsub」
IX_mav5Gz5k,阿悠悠 - 旧梦一场【動態歌詞/Lyrics Video】
f78g2fbL9Oo,旧梦一场
q3ToUJeSmr0,阿悠悠 - 舊夢一場『早知驚鴻一場，何必情深一往？』【動態歌詞Lyrics】
4Sl36eQnlOA,阿悠悠 - 責無旁貸 ♬『終於明白對你的愛責無旁貸 終於想開愛情是一個人還債』《高音質 / 動態歌詞Lyrics》MV 抖音
VFGj4cPEprU,❤阿悠悠【旧梦一场】❤
QW1Uq1hFr8s,阿悠悠《無味》（Cover: 鄭胖）動態歌詞版MV『這一切其實本無味 ，誰欠下了情誰來贖罪...』Lyrics
J9GFIyQvw9E,阿悠悠 《半生》 古风 【创作MV - 歌词 Lyrics】「岁月只寻一人淡淡半生游；墨出光阴一卷刻下半生游」
fs2uCKCwMYc,旧梦一场 Jiu Meng Yi Chang - 阿悠悠 A You You 拼音 [PINYIN LYRICS]
xLxD-6HpFek,Một Giấc Mộng Xưa (WRC REMIX) | - 阿悠悠 - 旧梦一场  | Lời Việt | Thái Quỳnh Cover | Hot tiktok 2020
SJoHhc45hLU,阿悠悠 - 悠殇叹『落花漫天 秋月未圆 这夜色谁难眠 ♪』【動態歌詞】
RMLtIWlg-WQ,《抖音网红阿悠悠歌曲精选》网络流行歌曲精选12首联唱
-w58qtKLtqI,念舊 - 阿悠悠 - 『超高无损音質』【動態歌詞Lyrics】
uDSvgm5MULo,TikTokGirls|一曲相思|阿悠悠抖腿完整版MV(#11)
D99IWzzUHxk,2021阿悠悠專輯|18 首超好聽歌曲|動態歌詞|Chinese Pinyin Lyrics|旧梦一场|你若三冬|念旧|一曲相思|一生与你擦肩而过|悠殤嘆|一曲琵琶|一個人劇本|人為情歎|半生|且問
urovsTXIdtk,念旧
-GA9Pj13KRU,Chinese Dj Remix 2021「2021最火歌曲DJ」慢搖【阿悠悠 - 舊夢一場〤忘川彼岸〤傲七爷 - 是想你的声音啊】2021全中文舞曲串烧 - 2020 年最劲爆的DJ歌曲
u3ezEGv-uz8,你若三冬
-GA9Pj13KRU,Chinese Dj Remix 2021「2021最火歌曲DJ」慢搖【阿悠悠 - 舊夢一場〤忘川彼岸〤傲七爷 - 是想你的声音啊】2021全中文舞曲串烧 - 2020 年最劲爆的DJ歌曲
u3ezEGv-uz8,你若三冬
dd_8yh_JtwI,Hot trend 抖音《旧梦一场》【阿悠悠】
nJ9q80AjfmU,阿悠悠 - 一個人的劇本【高音質|動態歌詞Lyrics】♫『換了幾個人的唇 吻過的溫，我還是一個人。』
nYZ3qj9dMVY,Một Giấc Mộng Xưa Remix Tik Tok || 阿悠悠 - 旧梦一场 (DJ版). Nhạc Tik Tok Remix Gây Nghiện Hay Nhất 2020.
l-JKeRM2XaA,旧梦一场 (Dj版) - 阿悠悠 (霹雳舞大叔) 跳舞 (抖音) || Giấc mộng xưa (dj) - A Du Du (Piliwu dạy nhảy) hot tiktok china
3TlyfQD32XM,[Vietsub] Nửa đời - A Du Du | 半生 - 阿悠悠
_a6IL2KLh38,阿悠悠🔥抖音熱搜🔥旧梦一场/阿悠悠-一生与你擦肩而过/阿悠悠-半生/阿悠悠-人为情叹/阿悠悠-火火的姑娘/阿悠悠-你若三冬/阿悠悠-悠殇叹/阿悠悠-悠殇叹/阿悠悠-念旧/阿悠悠-没有你的结尾
-koZc8rEN8s,เพลงจีนแปลไทย 旧梦一场【Jiù Mèng Yī Chǎng】【阿悠悠】แปลไทย+ซับไทย+Pinyin
LOkYNkvHDBQ,【阿悠悠合輯】（1）- 阿悠悠演唱最火的14首歌曲串燒
rrowzORP4XA,半生
jv6l9ZW4o7I,烟嗓美女阿悠悠新歌【旧梦一场】火爆全网，话题热度超10亿！太洗脑了！
X1QM3aKYKm4,🔥 가장 많이 요청하신 틱톡 인기곡[旧梦一场] 구몽일장 - [阿悠悠.Dj沈念] 아유유 중국노래/한글가사/자막/병음
fWrSWBIuzsQ,▶ LK ♪ TikTok Remix Mới Nhất | Một Giấc Mộng Xưa |阿悠悠 - 旧梦一场 (DJ版) DJ Emi &amp; Tracy + Umi 💖
WKwco4Scig0,阿悠悠 - 一個人的劇本『後來換了幾道痕 過幾道門，我還是一個人。』【動態歌詞Lyrics】
WKwco4Scig0,阿悠悠 - 一個人的劇本『後來換了幾道痕 過幾道門，我還是一個人。』【動態歌詞Lyrics】
OVWvdYzioks,海来阿木PK阿悠悠2021🔥抖音熱搜🔥不过人间/阿悠悠-旧梦一场/海来阿木-孤单的人/阿悠悠一生与你擦肩而过/海来阿木-亏欠/阿悠悠-你若三冬/海来阿木-浪子心/阿悠悠-念旧/远方有信仰/一曲相思
UpLnhPggbbo,阿悠悠 【責無旁貸】 Official Music Video
C3X_yjp5Ttk,【抖音】一曲相思阿悠悠，在婚礼献唱火了，大家都在找的小姐姐